text_id,domain,variant,parsed,n_gold,n_gold_sameas,n_pred,n_pred_sameas,f1_full,f1_no_sameas
architecture1,architecture,V1_monolithic,0,29,5,0,0,0.0,0.0
architecture1,architecture,V2_baseline,1,29,5,18,0,0.0,0.0
architecture1,architecture,V4_shacl,1,29,5,7,0,0.0625,0.0741
architecture2,architecture,V1_monolithic,1,18,5,12,0,0.1,0.1333
architecture2,architecture,V2_baseline,1,18,5,5,0,0.0,0.0
architecture2,architecture,V4_shacl,1,18,5,0,0,0.0,0.0
architecture3,architecture,V1_monolithic,1,19,7,8,0,0.0,0.0
architecture3,architecture,V2_baseline,1,19,7,28,0,0.0,0.0
architecture3,architecture,V4_shacl,1,19,7,18,14,0.3429,0.0
architecture4,architecture,V1_monolithic,0,25,7,0,0,0.0,0.0
architecture4,architecture,V2_baseline,0,25,7,0,0,0.0,0.0
architecture4,architecture,V4_shacl,1,25,7,0,0,0.0,0.0
architecture5,architecture,V1_monolithic,0,16,7,0,0,0.0,0.0
architecture5,architecture,V2_baseline,1,16,7,5,0,0.0,0.0
architecture5,architecture,V4_shacl,1,16,7,3,0,0.0,0.0
fashion1,fashion,V1_monolithic,1,28,7,2,0,0.0,0.0
fashion1,fashion,V2_baseline,1,28,7,6,0,0.129,0.1667
fashion1,fashion,V4_shacl,1,28,7,5,0,0.1333,0.1739
fashion2,fashion,V1_monolithic,1,33,4,3,0,0.0,0.0
fashion2,fashion,V2_baseline,1,33,4,11,0,0.1,0.1111
fashion2,fashion,V4_shacl,1,33,4,19,0,0.2553,0.2791
fashion3,fashion,V1_monolithic,1,53,7,11,0,0.0345,0.0392
fashion3,fashion,V2_baseline,0,53,7,0,0,0.0,0.0
fashion3,fashion,V4_shacl,1,53,7,8,0,0.0678,0.0769
fashion4,fashion,V1_monolithic,0,50,7,0,0,0.0,0.0
fashion4,fashion,V2_baseline,0,50,7,0,0,0.0,0.0
fashion4,fashion,V4_shacl,1,50,7,0,0,0.0,0.0
fashion5,fashion,V1_monolithic,1,21,7,5,0,0.1739,0.25
fashion5,fashion,V2_baseline,1,21,7,5,0,0.1739,0.25
fashion5,fashion,V4_shacl,1,21,7,11,0,0.2,0.2609
olympic1,olympic,V1_monolithic,1,39,6,14,0,0.1818,0.2105
olympic1,olympic,V2_baseline,0,39,6,0,0,0.0,0.0
olympic1,olympic,V4_shacl,0,39,6,0,0,0.0,0.0
olympic2,olympic,V1_monolithic,1,44,8,25,0,0.0435,0.0526
olympic2,olympic,V2_baseline,0,44,8,0,0,0.0,0.0
olympic2,olympic,V4_shacl,1,44,8,5,0,0.0435,0.0526
olympic3,olympic,V1_monolithic,0,34,6,0,0,0.0,0.0
olympic3,olympic,V2_baseline,1,34,6,10,0,0.15,0.1765
olympic3,olympic,V4_shacl,1,34,6,10,0,0.0,0.0
olympic4,olympic,V1_monolithic,0,45,10,0,0,0.0,0.0
olympic4,olympic,V2_baseline,0,45,10,0,0,0.0,0.0
olympic4,olympic,V4_shacl,1,45,10,0,0,0.0,0.0
olympic5,olympic,V1_monolithic,1,35,5,5,0,0.0,0.0
olympic5,olympic,V2_baseline,0,35,5,0,0,0.0,0.0
olympic5,olympic,V4_shacl,1,35,5,6,0,0.05,0.0571
sound1,sound,V1_monolithic,0,55,6,0,0,0.0,0.0
sound1,sound,V2_baseline,0,55,6,0,0,0.0,0.0
sound1,sound,V4_shacl,1,55,6,17,0,0.0,0.0
sound2,sound,V1_monolithic,0,37,3,0,0,0.0,0.0
sound2,sound,V2_baseline,0,37,3,0,0,0.0,0.0
sound2,sound,V4_shacl,1,37,3,34,0,0.0,0.0
sound3,sound,V1_monolithic,0,48,8,0,0,0.0,0.0
sound3,sound,V2_baseline,0,48,8,0,0,0.0,0.0
sound3,sound,V4_shacl,1,48,8,31,0,0.0364,0.0426
sound4,sound,V1_monolithic,0,54,5,0,0,0.0,0.0
sound4,sound,V2_baseline,0,54,5,0,0,0.0,0.0
sound4,sound,V4_shacl,1,54,5,26,0,0.0,0.0
sound5,sound,V1_monolithic,1,36,7,39,0,0.0,0.0
sound5,sound,V2_baseline,0,36,7,0,0,0.0,0.0
sound5,sound,V4_shacl,1,36,7,25,0,0.0,0.0
sound6,sound,V1_monolithic,0,14,1,0,0,0.0,0.0
sound6,sound,V2_baseline,1,14,1,8,0,0.0,0.0
sound6,sound,V4_shacl,1,14,1,19,0,0.1,0.1053
sound7,sound,V1_monolithic,1,27,6,64,0,0.1333,0.1667
sound7,sound,V2_baseline,0,27,6,0,0,0.0,0.0
sound7,sound,V4_shacl,1,27,6,39,0,0.0976,0.1143
sound8,sound,V1_monolithic,0,26,5,0,0,0.0,0.0
sound8,sound,V2_baseline,1,26,5,55,0,0.0,0.0
sound8,sound,V4_shacl,1,26,5,0,0,0.0,0.0
sound9,sound,V1_monolithic,0,33,7,0,0,0.0,0.0
sound9,sound,V2_baseline,1,33,7,57,0,0.0,0.0
sound9,sound,V4_shacl,1,33,7,28,0,0.0,0.0
sound10,sound,V1_monolithic,1,31,6,48,0,0.0606,0.0741
sound10,sound,V2_baseline,0,31,6,0,0,0.0,0.0
sound10,sound,V4_shacl,1,31,6,14,0,0.0,0.0
sound11,sound,V1_monolithic,0,30,8,0,0,0.0,0.0
sound11,sound,V2_baseline,0,30,8,0,0,0.0,0.0
sound11,sound,V4_shacl,1,30,8,0,0,0.0,0.0
sound12,sound,V1_monolithic,0,69,10,0,0,0.0,0.0
sound12,sound,V2_baseline,1,69,10,66,0,0.0253,0.029
sound12,sound,V4_shacl,1,69,10,50,0,0.0278,0.0323
sound13,sound,V1_monolithic,0,33,9,0,0,0.0,0.0
sound13,sound,V2_baseline,0,33,9,0,0,0.0,0.0
sound13,sound,V4_shacl,0,33,9,0,0,0.0,0.0
sound14,sound,V1_monolithic,1,51,11,53,0,0.0364,0.0455
sound14,sound,V2_baseline,1,51,11,19,0,0.0,0.0
sound14,sound,V4_shacl,1,51,11,0,0,0.0,0.0
sound15,sound,V1_monolithic,1,60,9,52,0,0.0,0.0
sound15,sound,V2_baseline,1,60,9,17,0,0.1081,0.1231
sound15,sound,V4_shacl,0,60,9,0,0,0.0,0.0
